0.0009252507517503312,0.0006198010633228139,0.0017911684612099154,0.00017100043816579448,-0.0017256713515873643,0.2885717358258484,0.0002458911281644275,0.0856109482248244,0.28848108468148564,0.0003588402176664861,0.28949979380019525,-0.0015686685151942578,0.08364704670003519,0.2883386097676863,0.4918326566162395,1.0010341116153247,0.00168647687984666,0.08559877098197925,0.2897181763642128,0.08499943769518091,0.0010178800497172846,-0.0012508862160573121,-0.0009909032821575835,0.00038116374443537403
0.1676270892693751,2.861520589186255e-05,-0.0013130189915934454,-0.0012445113642045424,-0.00031873197151498884,0.07533668157169125,0.7232834190838515,0.6314288512141835,0.3543655365490228,0.16882254636155747,0.26023403618149193,0.16850223761339614,0.35247848442085045,0.9995133739356495,0.6318506257145956,0.07643024394236816,0.0758675762294532,0.07724522815632902,0.07765500415686646,-0.001259958477193934,-0.0012769889870258137,0.1698875583832939,-1.7608407142712342e-06,0.2611810205044677
0.23843224862176518,0.056787193567349646,0.014334146556390093,0.015035873025632682,0.0010000091413984683,0.17503060084821673,0.3263634838762227,0.7406849428996284,0.9211910405162195,0.8027058621027261,0.5599626198566018,0.2801015309054653,0.3755037546451531,1.0009124846917037,0.47191944483948095,0.2582472962601189,0.295788384629374,0.20505853415452877,0.20236853709366834,0.2671762920308251,0.10317876474373074,0.14503838784792814,0.079242145852132,0.016233290774241807
0.2366491114587027,0.05711831529260624,0.014584639476843013,0.016727651941204395,0.0008387092902823911,0.17462052819676335,0.32559047510515704,0.7392741517261531,0.9213865077167067,0.8042040369244222,0.5586781624687088,0.27858602932884996,0.3765554100388571,0.9982149908703859,0.4719749980081201,0.2574787272920281,0.29453558868117463,0.20645242238654193,0.20420338583825526,0.2680506514779992,0.1029547389820326,0.14443503141619626,0.07866739607949753,0.014913454696147714
-0.0005496559008798231,0.0001954993352753277,-0.0004716043335478263,0.0018123546515314616,-0.0022941374787994176,0.47117977656964954,1.0009176434428304,0.5218705688805876,0.6543304775904986,0.2187686784482525,0.27244923633741136,0.15830275309578706,0.3099166604698683,0.3115807435729935,0.2605669401588867,0.2210750410329521,0.19081908223760008,0.10397331062791726,0.0915391391446816,0.08230925689203061,0.07842882622678185,0.04542720688352682,0.05103586743783212,0.0010893090451046137
0.13795577019155036,0.017280185301968495,-0.00016193761443119024,0.018173164067027646,-0.0019100224214620577,0.10395161946734617,0.33298186775655275,0.7854830006970992,0.9988784208612419,0.4722547120430237,0.39957299636930177,0.34817375897489367,0.1633187870475784,0.26557553972280024,0.13207952994792288,0.1613223883270269,0.1464112086636524,0.048642893536704215,0.17766723342931826,0.10451045278747602,0.024389267277328486,0.05814203998536981,0.05007328203973653,-0.001639725606244893
0.1069147571348805,0.013724027536989498,0.0008455743314052293,0.01394990682516151,-4.885333595292676e-05,0.15819655238359046,0.23359403882321572,0.5439170958636258,1.0010013837369154,0.7111572077551024,0.48014974832485263,0.41493835021878367,0.25281553609528035,0.4062763773552035,0.2070041954932546,0.17164459118879413,0.05230860351319723,0.05828871226724934,0.07423502715046823,0.08801572792332546,0.007081879143191479,0.038302347947829066,-0.0071422602268498905,0.0028472668831995363
-0.00045978052369572943,-0.0013802108750499155,-0.0002616720669923489,-0.0001793796928832663,-0.000692770576575069,0.001137826865630451,-0.0001691572511419156,-0.0007639136722275016,-0.0004980731026078258,-0.0003628911138637164,0.6610263622716879,0.3244649128295484,0.32301206916587316,0.32242774712634886,0.3234369127287212,-0.0008649608471977107,0.9996022739649961,-0.0019213469553611743,0.0009295943283931954,-0.0010627949207805292,-0.0008864062679671508,0.3231802691785577,0.001107624678074931,-0.0004722584041747191
-7.392346564745377e-05,0.00036565144570936296,0.00011585569789307442,0.0006973728241344478,-0.0017374292376653435,-0.0008144055613581665,0.4394657843431492,0.24897428934003546,0.9991402511142126,0.30114026464814253,0.14702100752136174,0.07497599777754801,0.3202575675292794,0.5530861777554281,0.08033507313596194,0.05045099660246729,0.1187981425672846,0.01055896434837356,0.012425702399862421,0.026905619443321753,0.03478990588393942,0.00381829463692792,3.625974169359078e-05,-0.0013911931153065716
-5.1697237094563326e-05,-0.00048567617280192765,0.00042405519844296676,-0.001293634279094041,0.0006770268115298488,-0.0007724577070251558,0.3488377628381328,0.17365624769709467,0.9995303324366165,0.4077274897935216,0.11830260780710299,0.057904664896488364,0.3253422566813323,0.4573938010281423,0.22419597985265394,0.03908796998675369,0.08855391126689945,0.008188014469758491,0.006742588934261943,0.017165786622275806,0.024180390299203866,0.003311695015370917,0.001151329834607966,0.001064249682940182
-0.0008081160552409373,-0.00011861611743771463,-0.0007195266655790489,0.0005797987960213788,-0.001353732839082185,-0.0005179626861325279,0.1903148898122289,0.04097529168130137,1.0003326402699575,0.5934095593626751,0.0647206363951553,0.025449842087016845,0.32994102137753517,0.28997098937982957,0.476616510743191,0.020910625283653686,0.031785631038995524,0.002289412868311776,0.0024210102199200877,0.005298521370480425,0.00510034344822859,-0.0002765273955339803,-0.0019582716095052316,-0.0012305931166805212
0.0010785791014636518,-0.0011021960869156487,-0.0018052676279621065,0.0010060729217816278,-0.0010371148695247539,-0.0021008247330361104,0.321304418553691,0.1506139514596919,1.001265490822216,0.44031795166938903,0.11041617058541224,0.051967802871279056,0.32462130871364325,0.42825695793131885,0.2662162892217732,0.03579505707853466,0.0777323553469719,0.006790988973290819,0.007625207084155612,0.016429689599501546,0.020044912235950948,0.0019060803617067094,0.0015134760908088395,0.0020844416908482157
-0.0007609472953513175,0.0010436295888011679,0.0008305886098656053,0.00016198951518381756,0.0005350383174492504,-0.0016064664587478327,0.31324053642162275,0.14609980076360057,0.9991155338453827,0.448108257859863,0.10580200520642721,0.051577458137079917,0.323671045799876,0.41962958001123,0.2787448348219098,0.03379180325762049,0.07516949020280941,0.0055050409727194684,0.006047849820967616,0.015374043539010956,0.019726401808737165,0.002388812478830621,1.4636658422441489e-05,-0.0004939943458819315
0.0004487188821077556,6.088320039933309e-05,0.002449066267676963,-0.0006175214779397219,-0.0006654318569491605,0.5777669139848216,1.091473110122426,0.6653021605904101,0.3144077042607231,0.02391071136011494,-0.0069359348593508105,-0.019674245785495273,-0.0013072286233188068,-0.029301862927931355,0.010182573000226283,-0.00955520932298285,-0.014207740799509726,-0.003911827724400232,-0.03814784972702533,-0.009834569294807277,0.003479130186651775,-0.021179825627527057,-0.0016132452194742818,-0.0019679282016328587
0.000194206644087421,-0.0006802436274556013,0.0007206094753793167,0.00022596633761711544,-0.000928394263157633,0.4225042514342934,0.8385669194065418,0.8487442689002119,0.1576218880111082,-0.00989710339684223,0.06549832299121743,0.046787457263151234,0.054618333872316224,0.07635126945075074,0.013859686253520598,0.02035688530345081,0.02695825306502886,0.011356553219027447,0.06730484629020018,0.02313910743558613,0.003836045347695778,0.046867542943825086,0.0007158419398103533,-0.0008936718123620814
7.897830264026187e-05,0.0010885729191085522,0.0009462679763617986,-0.0004345861308799522,-0.00012805141737662362,0.0712473196628639,0.9436826342266159,0.908959910309778,0.4060413680480849,0.11368849678206752,0.06493529548585694,0.09124683000147471,0.13769204111032673,0.01585216046321728,0.10747757947715572,0.03038227291551788,0.07128822945282594,0.04989112400677655,0.04910386350150023,0.058798366094921416,0.04147895824214375,0.0767925714338939,0.026620155505011293,7.966273649822352e-06
-0.0018167726661067216,-0.0006320090563045773,-0.000254619110114637,0.0016469642734795748,-0.0003024405674924058,0.1755005667590496,0.9136470075644194,0.9040224394252909,0.3134135838712819,0.07414255113669703,0.02420263616827005,0.02908147225014341,0.0552460620704827,0.037042226850792316,0.03581003441719818,0.013752086222406828,0.02263187890218294,0.01690310104737655,0.020140798244826133,0.017447635340433348,0.0122820277144618,0.022146119677856173,0.006662364221296357,0.00015518259590626345
0.0006544981252334431,-0.0009049945463693956,0.001796705710365339,0.0009439187332967359,0.001050269803535521,0.405710647395866,0.9105075356935957,0.6930273101024316,0.09366127502360189,-0.047441966580347605,0.012148298030943503,-0.006887743482943645,0.03425488388170861,0.05314764355665727,0.010966836653063477,0.001459709700504042,-0.005589566554210945,8.017979184249749e-05,-0.002135903918869919,-0.006250187919179872,-0.0007443039798429568,-0.007533516462596611,-0.0017394837526027978,0.00020654984814701247
0.0012923349627068667,-0.0009700922222844177,0.00139070738707131,0.0003119927134132793,0.00026234859780523666,0.5119742039521946,0.9008099178825347,0.8290154493951386,0.22391591659088078,0.012143859967485175,0.017396768608326396,-0.006352983638655975,-0.002535480704256861,0.03845970719451839,-0.012682154793165722,0.003502414492041696,-0.005872113766988124,-0.003150655193962593,0.005620464039583967,-0.009143854012644673,-0.006712097597257978,-0.004194221909114115,-0.005321886495746299,0.0016594603348294588
1.4759478369082018e-05,-0.0005009707860619812,0.002791230932148214,0.0004200427694669786,-0.00017121581488611934,0.5043136007904294,0.8344672595744536,0.9901683512283163,0.41671635084683006,0.11241296651773125,-0.041379507297097884,-0.04241882506316582,-0.03156796333085293,-0.008216635528059402,0.016407379056259278,-0.0021507530695344165,-0.018077442027518126,0.012247343165629278,-0.10595075389323264,-0.023448789546954403,0.0022770379320554493,-0.062428480469616875,0.0021386029143264733,-0.0011491237552468108
1.793845518946862e-05,0.0007264231606096208,0.0011897548087020358,-0.0004809266564262782,-0.0006236630147657044,0.004186756564813848,1.1300849195357234,0.8043725019910696,0.40434590339457877,0.09912612073985588,0.06772714259315518,0.0761546865584043,0.10675185298720499,0.007730070140432133,0.05224271911489806,0.017724712449582344,0.05201692853050823,0.01751770024730402,0.09825989087645857,0.04715442016814906,0.02539797702269253,0.08383968520028033,0.011983328840800573,0.0003662805351447144
0.0007957061561774621,-0.0016857241107839688,0.002527380712790732,0.000979627560551536,-0.0002876612620706723,0.180952407298026,1.0656040915516838,0.9217438358022233,0.535154196990216,0.16135959291825724,0.006365792953782652,0.020202565480616164,0.03933509105691055,-0.034743123585371405,0.04442076601778426,0.0048538956560406216,0.02075554871123421,0.016491111465967337,-0.013198338286230571,0.017832005841187167,0.018506243702795862,0.010321790336097335,0.011311695445098174,-0.0022510282924480675
-0.001148889523988787,0.0011655695952631565,-0.00024849596230685367,-0.00047948292569725706,-0.0008414566713006934,-0.0001343462492637966,0.1066182219568484,0.18824067731949018,0.613461962422097,1.0005284112903856,0.8176360595599143,0.2868612654120022,0.20773363004667766,0.24818868986908135,0.2883751432842939,0.2270517892171503,0.10609510780622532,0.005669704532536485,0.04561421970240226,0.06635155733248359,0.14647451772623396,0.43042549848991735,0.22823596546962024,0.02320892836700415
0.00113274122067691,0.0004991662044715524,-0.0006559941798838604,0.0012421284950064578,-0.0014685564611061613,0.4911899787455149,0.029505843470872598,0.16759761844267396,0.030357022801852405,0.031388953725789974,-7.619540628539846e-05,0.07536571661253165,-0.001455387290150091,0.07667946944830695,-0.00019067571522664013,-0.00047504755063382926,-3.924964080869128e-05,0.1228520239271974,1.0002943808068976,0.401360152203382,0.2132651867253455,0.07839457202243295,0.00038512974143166574,-0.00110931501753151
0.0005546472594825562,-5.24587051226021e-05,0.006389508791287342,0.001375383708974877,0.0009542989797050858,0.9998807404531254,1.0659452172041433,0.3286617433007321,0.08235879478235285,0.05900360992562739,0.029434257606084487,0.08644032264629777,0.1414320876597503,0.34270110096369405,0.12816847873072693,0.05256192000525792,0.059487541681685546,0.0969632765316984,0.006419195562277967,0.09779264758744208,0.042906008424592246,0.044411086289909016,0.0005567761325428703,-0.0011448065667315943
0.0011899166677183865,0.0006245074789793196,0.0006844335675702899,-0.00024781583579911836,-0.00030058366411840387,0.999031683185164,0.9487680665774589,0.19951128040610663,0.019934527273392552,0.003939928677036075,-0.0026074709951107392,0.010250646175650309,0.06635439742797368,0.12212490410276701,0.1777648587186764,-0.0018788395139166074,-0.002384404068499796,0.04103826367318448,-0.0013576307434915334,-0.002738278168120889,0.044831761333874356,-0.0041842474051587,-0.0016808693707954,0.0006612177469029817
0.17188322070179174,0.0325295083068968,0.009751526686293175,-0.0009162777395453314,-0.001354133171439912,0.05612981807843931,0.0004525288200453973,0.19675448843300666,0.17421816424927108,0.07762703386286901,0.19655675749763202,0.2902069944766514,0.5497417884472232,1.0010292854020497,0.8605286593247174,0.7620500450766425,0.24456221028105765,0.24364723050792772,0.12611277166459733,0.15042332422129395,0.0017713152973948924,0.09990796339441523,0.1256761282259173,0.10016514732208671
0.0006085290413293736,-0.0008667895682515994,-0.0009376617588447066,-0.0005633100383721368,0.0008932634265562456,0.21284356427082157,0.37731961425601745,0.26347671795225847,0.17667580159143806,0.07277949429208556,0.02399939742858956,0.04808030675739836,1.0002128021767713,0.6060223775671955,0.13621534976904678,0.00019933937872223205,0.022315091475889625,0.02112776673046934,0.0012332287289367307,-0.0008880716348561973,-0.0005450846726117486,-0.0009051128929511011,-0.0003245664823505071,0.0002832881784679008
-0.0010893708363724842,0.0007507614019442644,0.00027285516357231847,-0.0019571881984465724,-0.0004519913581289174,0.2125922248729957,0.3777972893236957,0.2633494019063632,0.17350940166689183,0.07332454685653692,0.022610824373324793,0.047085980337203355,0.9993880460000694,0.6060641619856455,0.13677727426274575,0.001171516265941698,0.021983515563155268,0.022248387897597147,0.00016120461315795428,-0.0013980431988168866,-0.001017047078722375,-0.0019889746871859845,-0.00027168340202323517,0.0001449346345356549
0.00010164198173995573,0.0005601633428884805,-0.000320779869230959,-0.0005926648156074828,-0.0011046864995992616,-0.0007237213647426549,0.9982724333042634,0.0007734212104817757,-0.0003806285174175223,1.4875565027898725e-07,-0.0003412662127952239,0.0006065446967786224,0.32233832745827057,0.3212841495818189,1.000393292094965,0.0002188902038176894,0.6604956393038766,0.32301328563233317,0.32399008309023486,0.00040699481384102315,0.0010460079680685934,0.6618444572152452,0.6604947807319214,-1.362750918915396e-05
0.0010225684041197773,-0.0014790517091408455,0.001901051388103498,-0.0008733177238349123,0.0015120724502513546,0.0013049824698685114,1.000033037012863,-5.801376248833884e-05,-0.0009273591504612556,-0.00028571428101408663,0.0010842194998928899,-0.001156652925096769,0.32362366651147484,0.3229489438806038,1.0032770959262343,7.680132858799192e-05,0.6614044744917227,0.3211940614486144,0.32300152691349365,6.032618458771499e-05,8.269308929504124e-05,0.6618255058650466,0.6619595422217648,-0.0006026986602215137
0.010110954899311901,-0.0014706472953388866,-0.0009839851054077534,-0.0016747433308437348,0.00022428497123369188,-0.00031366998899086233,0.0008784219858133886,0.009126875604549146,1.001488419206316,0.6181050767143134,0.872691200618217,0.912047965744397,0.5681095326277915,0.22566148226120275,0.32810951765215524,0.2251601419218138,0.25078750516539045,0.09739444980004598,0.06052297757598586,0.11060266554615808,0.060327634052123776,0.12505619037298293,0.009463363824084242,0.03454963455061927
0.011535837267093117,-0.0005102861749435982,0.0007986630990923652,-0.0003143850944320202,0.0005210565772278205,0.0001730660066525332,-0.0003578424436381112,0.010619124436747417,0.9995752482783755,0.6181883742496311,0.8720233885557958,0.9108142486162322,0.5694426308076997,0.22537899436075068,0.3291208438450848,0.22616899593235584,0.25047371217981274,0.09764766903494712,0.05929019184029976,0.11131616213626934,0.06016742005246389,0.12408832972167894,0.008847655270204273,0.036205678074541135
0.009076623612019746,3.7613983606892015e-05,0.0003930232132319893,-0.00018135150025281747,0.0018085473826481813,-0.0002924129227650463,0.0006772498562416647,0.008548613405213396,1.0014448421991988,0.619613132078933,0.8719183431680814,0.9109713556951058,0.5681156003187879,0.22745013431512576,0.327914813307267,0.22588091146675862,0.2501397142666371,0.09704821421046268,0.05985899901253295,0.10989641945117434,0.06137642215958318,0.12468116363144433,0.010623748643404284,0.03606464817957166
-0.0011588863229901902,5.1597006921521727e-05,-0.00027449005350220685,0.0013718864293619573,-0.00029610508244928754,0.2456185731081888,0.9801590083508107,0.7506557134722668,0.7669265852830506,0.6817668044645419,0.3474144638202092,0.2253866590610813,0.16366654466730432,0.4166007137799328,0.07706824606623212,0.053790362374673585,0.007349262992806124,0.012510197804390465,0.002859128923946193,-0.00013646143272789325,0.0038277758725247524,0.011339657925335426,0.013475020938810544,0.007780012042351016
0.00027068485884333763,-0.00024440739600209963,0.0004496126122772567,-0.001379050443493529,-0.0014981222894407448,0.2240587901546884,0.7718968354541539,0.9391743978247978,0.7060605222989081,0.3916666474588634,0.2402156638949722,0.13743223303689708,0.15767944446524684,0.5742702142135729,0.04135594894686456,0.034945215786481854,0.062217688797366194,0.07300933847456703,0.03629704987764937,0.0015868773644530127,0.023109122378111732,0.00366373033293297,0.013855931310509316,0.0033093788793144914
-0.0016016098832748568,-0.000742722142247725,0.000645057526864009,-0.0013022359627165453,0.00027485028883855847,0.22375886684929097,0.7819316706107581,0.9287292816270577,0.7094404596220097,0.40535611079134676,0.24575937386210284,0.14262669659188343,0.15865374928059237,0.5661878017444663,0.04435700016816901,0.03724939617730832,0.05808907868230764,0.07039264181964704,0.03405973104689841,0.001857964534316291,0.022269194965300516,0.0042492782526098415,0.014108233808067387,0.002142155958187543
-0.0009748570469283103,0.000699210125474775,0.0010161952005867617,-0.00019765139112905817,0.00034198882379255717,0.2219037623493525,0.7333743256398723,0.9710200991859377,0.6982531325608722,0.3400343556790525,0.2194571371322283,0.12223557925831854,0.15605110793940732,0.6011578724276109,0.03675769048136964,0.03391319002508972,0.06757545085099857,0.08373331999601641,0.04013833891192844,-0.00028929708072379884,0.028178173341166582,-0.00040056595469824697,0.01540096676663977,0.0013814258485389953
-0.0012261407903707327,0.1885270132360777,-0.002328806538002786,0.0012720608943776845,0.0009695696538559408,0.7975331533568674,-0.0005485825076755561,0.5932359559708005,0.7983498641998648,0.5940172884396053,0.593844125247033,0.9991322206933214,0.9996101545239764,0.7966545500029366,0.390427103672831,0.7970761889638314,0.1872873082373091,0.7971278788102777,0.002398773338472226,0.00035322956774371585,0.18745427198553188,0.18825805947343782,-6.985975514840664e-05,0.18643698800642136
0.00033563569646169423,0.18733520590126937,-0.0005229764369390582,0.0001903687529993901,0.0010640391768263126,0.7951692493942026,-0.00037696005663579433,0.5936655382178166,0.7960866766336606,0.5928191385887814,0.5940731299091498,1.0003961821278682,0.9990444771713411,0.7960914254854081,0.38878408704689194,0.7970919114255629,0.18755764473347786,0.796248923093083,-0.0005314498225756033,0.00044580936614086494,0.18914020898150546,0.18681329242692515,-0.001002925507668231,0.1865241004792917
0.0013039074538070744,0.1880050882761218,-0.0008200933378065258,0.0024685851751807646,-0.0004617517005370369,0.794938513042517,-0.0006922383940960857,0.593583129816594,0.7968956313300377,0.5949230436904818,0.5932323194611473,0.999557761643533,0.998178110739899,0.7970509539400094,0.39104179976672687,0.7974525807229951,0.1871978314370789,0.7973460660635786,-0.0014399600670433573,-0.00042379871918387155,0.18453606244159856,0.18664260185948606,0.0010206878322732993,0.1868449919299908
0.492806731639767,0.0006304329884065323,2.5500506124273968e-05,0.0012009375059693348,0.0021731093836332266,-0.0016221821188242371,-0.00010992246029597826,0.0007731210662336559,0.0009431747557893863,0.0003365446776937742,0.4910868499433349,-0.0005559678235236212,0.001147894866216479,0.9981034441597895,0.0009409442713011393,0.49121150281642867,-7.24315098047869e-06,0.0014603509462013647,0.0014930214704894477,0.49226812857315155,0.0018776977140068079,0.00012766509946627824,0.4943756146302403,0.0009441931553542345
0.00012268823975510127,-0.001152134424807385,-0.0010502838090110235,0.0008528108308451051,-0.0008337472936051632,0.05426302894164535,0.04881904412810022,0.610903449578718,0.11720322862816071,0.19067210975229165,0.000264672230784554,0.11944491630358126,-0.01375655712855385,1.015128643952329,0.12433436578342315,-0.00023327759697151773,0.4225158535967463,0.05504736474155866,-0.0009008377849999,0.055196502351061515,0.000590670459112064,-0.00013748081692258694,8.081324195140572e-05,5.513535184968247e-06
0.10852849408751203,0.3657370392103188,0.999537585839006,0.36351217319543044,0.11012326826376881,0.0002152515298417556,-4.189322014206071e-05,0.10997376765359734,0.0005313650335633342,0.620033922641461,0.7455388611790411,0.23870365185199582,0.11143032344502524,-0.00040828097367596284,0.1104537266021015,0.236955092457109,0.2368914761627851,-0.0010833152505049747,-0.00045004981017810624,0.11116378104146586,-0.00029918352641618507,0.0005891732680022235,0.3654739147767318,0.23616772753560786
-0.0012340563600782952,0.000431663669332875,0.11158775088313296,0.0004173791021272101,0.23980809300021008,0.3629317012553061,0.4927606885031284,0.8728557452652391,0.4898153993069403,0.6188507446439048,0.3641020869539508,0.10964765862331549,0.109678555957779,0.7458146223268096,0.8714936595254817,1.0012095314427893,0.8738242991337647,0.6201118891638091,0.36477444648410906,0.36533700670917335,0.23641871817621699,0.11045079702400004,0.3661865535978713,0.11205225180784123
0.0010758845629205399,0.0006035437243195922,0.0003680674297380446,3.906457816764295e-05,-0.0005438549777897282,0.00010609568948367621,-0.0004064498385887879,-0.0012890845347899287,0.0013825086459604288,0.000514897657834113,0.0016407244776663343,-0.0006788673300379778,-0.0006556329374035779,0.0010399923329627936,0.00014846568869494428,0.0010112169574898122,0.9991548536726327,-0.0009775817312194634,-0.002016126353926659,0.001640663333873288,-1.6929233111783718e-05,-0.0007986608525125653,0.9992452616499122,0.0008930540099744116
-1.6326860053368932e-05,-0.001972198657304694,-0.0007584374608351846,0.000423278417666391,-8.648382066925731e-05,-0.0013960054091830937,0.0007547995149908277,-0.0004200250672824548,-0.0017841049792790239,0.0010171341727287153,0.0003634586809762639,0.000415858818386051,-0.0010103701338615354,-0.00023202765884315006,0.0006390487133191321,-0.0002279612441010878,0.999887407163426,0.0005409301891183437,-0.00018703127999483452,7.711393801253835e-05,0.002911616395069028,0.0008995698061306994,0.9996309240972915,-0.00020049536166388945
0.03588244090967311,0.0009779419253481386,-0.00990706528195828,-0.0016070264411735336,0.0007890363934742574,0.038017239990690066,0.180992182523652,0.05580650835594843,0.5810573061463645,0.9995479438332014,0.05530848888847015,0.3405522118775794,0.08308726755846996,0.5254358902665963,0.09412244031384036,0.024259159975899405,0.01661402464405584,0.12952088592517091,0.038606537520557996,0.06115132279765253,0.028956298559206603,0.036559479934577976,-0.0016852846141540256,0.1391546491199575
0.0049669152886190684,-0.0014999700507324167,-0.0002183476833357012,0.0006468527374980164,-0.0024650102006012697,0.003980906219270008,0.016194322279424286,0.012363022115569153,0.6290865103032576,1.000416075499957,0.11746650780485789,0.2937243511401554,0.06589021389165814,0.2679877036622622,0.0523151682977177,0.05126371013275314,0.05357227640669192,0.17276206722195073,0.0493007909693545,0.0471900693829749,0.009357474474375072,0.009708401115018805,-9.245470826950498e-05,0.16655293502218155
0.00226935955805211,0.0010562399810207558,0.0001770930948377103,-0.0007718886988378273,-3.6890310612867594e-05,0.04748294375639238,0.2716064007826835,0.703593442356759,0.9988483492194835,0.4508588378199214,0.0759979003172663,0.18722104875422263,0.348135742706625,0.796107649495892,0.10310694213147308,0.04856988120586705,0.0486040964580091,0.08658944094239963,0.0164896589259206,0.01900212519647099,0.08739193553989344,0.09499744751724175,0.05818243920366639,0.0007820907335772722
0.0003692973797121808,0.000691713421020273,0.0006106425511815305,-0.0005476268594263554,0.00026127101444482477,0.010733419599100012,0.20708436158785912,0.8217425041234233,0.9667030015826518,0.4366443673251739,0.09850671182757666,0.04384681221006882,0.2846874445683616,0.6855080897858505,0.13718683967365722,0.12991896493244467,0.010490169746118624,0.08515892789055204,0.029609174861347714,0.0036692395920155255,0.028221798193795868,0.08729913820306523,0.021490124700022165,-0.0010593714663782972
0.0007063805514744835,0.0005467561434435711,0.0005660939380764511,0.000288136903087623,-0.0007919175104661679,0.03314840936601512,0.17227618821164184,0.8383448326598316,0.9600902034197427,0.48242720491488816,0.1168908530976185,0.13304997078398204,0.35882177294750267,0.6477682089726919,0.17493821667252038,0.18740747796087842,0.0339519805284862,0.12848688760447788,0.046263929288418215,0.013337705176299668,0.057188935280679365,0.08045593589783917,0.03767499021430469,-0.00021990985634853945
0.0007363344350342951,7.93873479379206e-05,-0.00010183884381303467,0.0002749535360038328,0.0006348809259683302,-0.03843831032687214,0.3167473499921391,0.7460556749234993,1.0001130029398582,0.31292271097859814,0.04981666650839755,-0.15184511963626557,0.11280303353209928,0.8136533184298111,0.02536959228361929,-0.04094783125939272,-0.0393750583626317,-0.028603896184128313,-0.01814669945942967,-0.016417600371967198,-0.02792018901705922,0.10455025513905024,-0.005840728469435667,0.0004101991745931161
0.00038849807367842277,3.559888288613851e-05,-0.0006175050561645454,0.0002464739426948255,0.00023025631646699624,0.0011805311679673925,0.0023195088931910308,0.3430130449833759,0.5200593268523428,0.4028226253952665,0.8217967712092064,0.04485984931889384,0.28297818805237684,1.0021437615871016,1.00109803345504,0.5228461646449117,0.7015860400393853,0.1632187431483058,0.04274328479522485,-0.00044797027337662896,-0.00021795041009701235,0.16463878234777038,0.0005681551768080923,-0.0012355477329086266
2.597914612949631e-05,-0.00046995711969561796,0.0001721963014028371,0.00047879662070219144,0.0011654821143213642,0.000235776285089715,0.6609064196319459,0.6608020319245452,0.9997631770889274,-0.00022084382054608897,0.6596636635412353,1.0012414825199472,0.3223833636800401,0.32301469669181454,-0.0020536758828456907,0.32252925103306657,-0.00044624560062938624,0.0003823770413956385,0.0006990456021778851,0.0004614040853800508,0.00012443606619720002,-0.0002790038081906188,0.0024568290546229743,2.959305958702719e-05
0.0008159828168592634,-0.0009220966013607434,0.00012872909383634205,-0.0019755149927795654,-0.0001749534697666221,-0.0019175833563802832,0.00011999237293759564,0.32253602907481604,0.32314186711831966,0.999473532710868,0.0007643760100302515,0.001193134656804916,0.6609008779361167,1.000950600051808,0.6596433884463033,0.32267897134137596,0.32180547629481465,0.0009794946584250458,0.32170649864990614,0.32237823853920905,-5.163874756977287e-05,0.0008853954665170444,-0.00164073211708846,0.0006366765141203408
0.014612246666593288,0.015102807772466253,0.015397999788827353,0.013144389048305656,-0.0009494990011701202,0.283402520873363,1.0042466394399083,0.35353833437292886,0.32321187406055796,0.14245495773642736,0.11226342906937575,0.016606670806804988,0.3784917721490503,0.8884158339255609,0.43058466945068796,0.08329933236210553,0.19444373986275676,0.13650417042119178,0.036685199617635604,0.037239398105811124,0.06387829269596378,-0.004587925665624357,0.012489009613460044,-0.0014402752326760726
0.012477683411586076,0.013506371018985459,0.014560021798442811,0.02526220630380839,-8.205398994605801e-05,0.7250298222446778,0.9786707385668376,0.4566726567082009,0.2858826312364294,0.14560924558995367,0.08931642553937061,0.08566403388696597,0.38961283073339464,0.903366554034118,0.32904587565401044,0.176423674682137,0.14412420563150835,0.2075076935014996,0.06857492564364005,0.07002794004748321,0.07815488733757141,0.019861676316100516,0.026110002682332868,-0.0006293977800182271
-0.0018448707279057786,7.155999061793993e-06,-0.0009043688505169915,-0.001348495877919237,0.0007452310898428797,-0.0017563533030867762,0.06837893362055217,0.4696332095696294,0.7488817917019609,0.5613054281246688,0.5206340996614409,0.353596882930392,0.6014331169323464,1.000554505964341,0.42863262681719044,0.21355889971759054,0.22070036873597815,0.06758879099379655,0.05958832261033955,0.01876322910562052,0.06711033954544862,0.0005709936898097646,0.004876597130866276,-0.0009007884683147123
0.00016520554676867236,0.0005069321568696076,-5.266311280322366e-05,0.001839705422890555,-0.0010111359939392152,0.00022161044078596834,0.06690613883692868,0.4704898152487307,0.7489128537279979,0.561365910401389,0.5200549129882929,0.3541283898007197,0.6039159188793205,0.9994444475150832,0.4295932399740461,0.21273330152488207,0.2198921450512793,0.06693321502965723,0.059588332385499425,0.01835506142254182,0.06716566561710055,0.0011173405593309252,0.0036395598159248838,-0.0001520941521481672
-0.0023650966727614283,0.0010569878918182708,0.001018549124122373,0.0009188747115697145,-0.0011824360864791193,0.24865683844188027,0.18765764449554675,0.07031004707286644,0.27312571523349316,-9.433648374633274e-05,0.04554893216038113,0.10517933039954308,0.01085699702202697,0.06908205799232676,0.03206936635021739,0.09162191779008641,1.7802899371209596e-05,0.13159898304390272,0.39673826806082485,0.9996888046758431,0.16407821569170777,0.1764532838522203,0.1647008103266835,0.0008906178740002844
-0.0005034405679283435,-0.0018421694270966881,-0.0006300291262841057,-0.00039657076049960633,-0.00028896090979292535,0.24836173955993085,0.19009053120506167,0.06706782610629576,0.27556282080974015,0.0001329857068184753,0.04361267679825568,0.10652168054092792,0.007672290490941973,0.06822390017167597,0.03244883772165418,0.09263502915536151,-0.001949855774982667,0.1293547469869787,0.3963447508317075,0.9991634670708524,0.16504723430780835,0.17579454590843774,0.16621551556825165,0.00024478129570733325
0.12370147216791133,0.12273732396361224,0.12248739806994118,0.114365072985527,0.13306466844979795,0.7649010513155552,0.6360556556735528,0.3996593898550746,0.29654743648871273,0.28169159359913243,0.519343173616781,0.21816393894434266,0.3472891787667665,1.0005060850820482,0.38963710092538495,0.4767569030055493,0.27235462831814944,0.46465896424811304,0.4439674473231977,0.16536183326015375,0.29496121707652534,0.21906929270791548,0.3247405544421062,0.05728630249041274
0.1291676558241553,-0.0003164663464533205,0.002961860413922608,0.0016351405694291835,0.00017225449566629953,0.000752351692640848,0.4186568790466553,0.8547352180413308,1.0004803536955535,0.6367901420488542,0.274800581623859,0.4196642488893321,0.20096213715016586,0.4208269880697723,0.128262436653547,0.7104340857291539,0.4947059264984813,0.42134454265608046,0.2730109988610653,0.05595917311022127,0.34629596162398874,0.27404081430119953,0.5642583525963536,0.0015829563867474838
0.11862062388217634,-0.0003505411123623529,-0.0005328396664125267,0.0008240873795148633,-0.000599941564636212,0.08565269107622461,0.32373506128666507,0.4248567737629703,0.15369430815979668,0.051925422006121935,0.18727548165915292,0.08590861049008426,0.05110762830405159,0.9992113651611261,0.25577354213416537,-0.0013213600431948949,0.0003746393035455817,0.001400855129512926,0.016160511923937734,-0.0005425073694491758,-0.0007096699064189013,0.28715592032681864,0.0006457513240558341,0.08690946979040283
0.11864312497983959,-0.0005255882743291935,-0.00027137957916604404,-0.0009155139089073146,0.00013499238757797211,0.0844931874246212,0.32205621496959863,0.4253981179134162,0.15486116464605465,0.05147853514714614,0.18584147273216692,0.0859491149969223,0.050723966807495316,1.0011143720228444,0.255634368580229,-0.001038848745970929,0.0017338360711177962,0.0002736873414696286,0.017677367368818257,0.0023766123393589946,5.2728023687396e-05,0.28974589259400074,0.0012586146270858079,0.08574258758239346
0.0005436331363955903,0.00047586662579022934,-0.0002845594944044701,0.001143276872447629,0.08411843309688845,0.9692710554242393,0.8655483174638136,0.5034762857683697,0.3982632373209816,0.4417879392016729,0.06927193643018234,0.08811639157438303,0.174207274749742,0.2438292872855935,0.15507760060279893,0.057320858036099855,0.1712021291698983,0.1379866046436794,0.14481746784576136,0.03109541908950768,0.11627398422368153,0.14405247995434547,0.008113687630476766,0.013013024774008846
0.0006396000732487098,0.0016481598183316834,0.00012689097692143725,0.00044494904528885463,8.09655908606348e-05,0.9998935724719772,0.47890495951524026,0.06710269481848409,0.009902109353761072,0.001717659228590063,0.035034396436953,0.0028980731376017418,0.014509579082718445,0.4206159011646563,0.002887782482637929,0.0016973841027376816,0.028719350524608032,0.0012013263561236262,0.001239781228863228,0.0011140497308836743,-0.0007497273920300005,0.0005602487072308643,-0.003222126822773773,0.00032708047908943565
-0.0003790724780251843,0.000955118796510034,0.0012439217746066603,-0.0002338350602564786,-2.8788819157120004e-05,0.9993689630364145,0.46986456326756404,0.0008298174266227198,0.0005443578945438701,-5.76669609726943e-05,0.04945553878070172,-0.0004184648573895772,0.0001252775158052874,0.5526448792105643,-0.00015014846451121867,0.0007528979616646099,0.04144473661972016,-0.0012235077869834584,-1.9720921709278943e-05,0.0019425041858031102,-0.0010590122964027344,0.0008232532353425755,0.000169833533476447,4.221634422608303e-05
0.01061914518683462,0.012748160198390507,0.049508774006798234,0.06779270356370258,0.12307484824786,0.18983229744487257,0.6460436021913183,0.8887931753568983,1.001387820791805,0.924783574610763,0.2556980787431968,0.4405147061425918,0.35691243363196884,0.2353012547958152,0.3478460203026684,0.35850425308948847,0.14304429787358172,0.2719602195218644,0.3023505852507512,0.37510962302488093,0.3370846599307847,0.7374912676299874,0.3372009181715939,0.24476553612608704
-9.212158459755996e-05,0.0008792193634236397,0.001113201964511478,0.0005665155361193856,0.0012159334998153716,0.3636099259324802,0.5571516565747127,0.2685323148315616,0.38820742748599707,0.36199485470172027,0.20795095443148864,0.18871351781119516,0.7028807006759022,1.0011084150236997,0.5453490054664679,0.24695718644140613,0.2582105066810224,0.16737444571346932,0.1264799325622887,0.09758236977181448,0.05362051022757,0.1172879798863151,0.0018064503182697073,7.381367735964242e-05
0.0008170527665193301,0.0008287965624234287,-0.0007477852039744927,-0.0015682765797432672,-0.0003005603807668591,0.49372962188112157,0.597801532641692,0.3160751146507962,0.16272774207428636,0.27094399070554565,0.08807760036117981,0.14211510554661416,0.66463508780804,1.0008256813804748,0.5128394359740809,0.09221596433585597,0.1760251650670775,0.030019431434770344,0.05337232526330041,0.02391138381424069,0.01916201580638571,0.010615636918287423,-0.0009928386380932063,-0.0034405743277656255
-0.00035271339822865556,-0.0007733524870487348,0.0004070825462136333,0.03720572552869523,0.008756881687097673,-0.0018360571016151576,0.26947016801961665,0.4261385110895914,0.9999178260675962,0.5319037718886013,0.19300862058829177,0.14042206376331426,0.1383446429172334,0.19170337471955434,0.1408031642437936,0.06094587073899895,0.4265113033388537,0.036727909074822984,0.2961772563060343,0.3222277602001388,0.8180305783250634,0.8686502939515149,0.32164623226355415,-0.0004787650504366332
0.0003058051885399096,-0.0013351888482278597,-0.00027081843974342476,0.03689110831827583,0.00784555228066948,-0.0006922893155954516,0.27005036107593466,0.4256317873787818,1.0007748461800865,0.5310302544624862,0.19035260062058104,0.14013773404125354,0.14186168165910285,0.19325889791576906,0.13923532995868496,0.06173299765302132,0.4271381877030956,0.0349552609746477,0.2969850546979327,0.3235026387158334,0.8182373810307183,0.8696217681964739,0.3229760318208543,0.0005361859656754074
-0.0006039184883076584,-0.0004973150664563118,0.001621613048274164,0.03655600632571367,0.010555098421720142,-0.0004966231845307356,0.27096509443287004,0.42776135268412363,0.9998163364479986,0.5298751907937339,0.19108678909517365,0.1397716969168831,0.1402695211475665,0.19203905149024203,0.13859256138926546,0.06327510815747114,0.4263782292708362,0.036598254039330064,0.2959106978200496,0.32196548320431306,0.8183019611811753,0.8693020848233425,0.3215491980535802,0.001973451776185034
-0.00018119505909052562,0.045674708499294905,0.0006467727053059075,-0.000930834555368562,0.00046793765474250867,0.0008231683917920478,0.04534336371777474,0.19949573733763806,0.32261030206761215,0.47831904235977896,0.4455366198050379,0.16922576667435324,0.2601805930322357,0.7523318827882427,0.41655144995497645,0.9999514366692834,0.10700824987673398,0.10747203412332693,0.07541275927651771,0.2618724000666935,0.20162105084015083,0.1695595479752988,0.07654630328636491,0.10739669254693063
0.00048354178851709714,-0.0009040214612068845,-5.380798668259367e-05,0.0002111320543457022,2.6295986843353882e-05,-0.00010253000864914055,0.0010285814459464956,0.4954505344523217,0.999648457566196,0.9129162513037358,0.11381634221087598,0.018710534746401383,0.0007563437689354045,-0.0004871424821815337,0.0015904216024172496,0.0029710753132142706,0.0001688481448328047,0.0014846781924115274,-4.141448579595905e-05,0.0012710451904369355,0.0008466822271115323,0.0005296858147695316,0.007441870556862982,-0.0003845746591488444
-0.0010891051244886205,0.0015126734411696245,-0.0002498517635944048,0.0008271349625584553,0.0016082995359515042,0.21650658122639055,0.8194104090563562,1.0013667259121644,0.4932646062509978,0.298386221347579,0.18944766482517303,0.0957287701031073,0.20440417080567688,0.1920067584161103,0.05215865213358626,0.06946817077424858,0.06885737673661717,0.05210920268069121,0.06033032386034473,0.046173951420964,0.0281913807061387,0.016270395675790816,0.01251234628562856,0.0008399175032625863
-0.0011341173258594213,-0.000989481632054143,0.002131132109600871,0.00045092684278937647,-0.0018300497214697687,0.0963200679743154,0.7694836602334977,0.9992980465043724,0.4210687445353899,0.47428257039868504,0.24445680702943845,0.13505696055182437,0.1477051332671099,0.16853162967402063,0.06328247171834195,0.09571092907430356,0.12045317109380738,0.07736509422492915,0.06841361510301674,0.055415338468523284,0.04038571504756071,0.02483670818734324,0.011667168875173436,5.851793795327951e-06
0.0009632585947319653,-0.000497801949128788,0.0010809524454188195,-0.0003917544868172739,0.0012552669096648533,0.1745973724107531,0.6819379516818911,0.8733088149705754,0.6838498211487347,0.42751177648398225,0.557254076233436,0.4273752723012641,0.679744304977395,0.9998739161199247,0.4290803408755413,0.10983019475931581,-0.0013224566704009538,1.7774843943364116e-05,0.11123553730317579,0.0009248326133617948,0.0002819570917880118,-1.3910086020308317e-05,-0.0010227275056701652,7.532885861686476e-05
0.056814108159813574,-0.0006130397486362001,0.00013133237371498117,0.00020152500761552082,-0.0007450554163645023,0.0014174742008168436,0.023338949146329904,0.14594427003983274,0.5173462935310998,1.0004972544959598,0.7299000899969441,0.4834953416910443,0.3562597476961241,0.30994415762611177,0.289628772980726,0.34858680752923243,0.24092528710240957,0.16473447687193646,0.07698160540452062,0.0645121098553985,0.31712152359109147,0.39638065507848524,0.4444013787116884,0.11930715717488026
0.05740486790136761,0.0001805080779684954,0.0005014932994903799,-0.00037047812969716407,-0.0007658719335971873,0.00043067715641854546,0.02469127031537342,0.14634045176179927,0.5178416825505959,0.9998529393558724,0.7291965382540474,0.48604364600872196,0.356360920686076,0.3090863428652491,0.28769384210586113,0.3503984547693302,0.24216294201953226,0.16575745889689533,0.07938503982943168,0.06578704270139872,0.31641614618818004,0.39674081149483803,0.44403526235341273,0.12091145412534736
-0.0007009345964929436,0.002608326013459382,-3.890594759098966e-05,0.0007108140587956737,0.0004745778395937849,0.0019793170416459375,0.7266517711533002,0.2594874332825875,0.9995088657832274,0.3988904749473287,0.17826741709522528,0.0037264480517377697,0.04661695332910291,0.09739054206303815,0.07292494780279447,0.011042603514210218,0.0003512300604858289,0.029524097276749452,0.011673170687859061,0.00030364495921973776,-0.0008850355978149774,-0.0005361923037789676,0.00020137106438480025,0.00022473600959693215
-0.000582217594322729,-0.0018703271713992975,0.0005920362955208799,-0.0013005002913261772,0.0018468320283153204,0.0005755709425172189,0.7271110026830565,0.25759603995869496,0.9991529078060224,0.39873210640358947,0.1765469055735137,0.0035427013354696296,0.04388518687251207,0.09834064068230486,0.07427894825602034,0.011595414730624707,-0.0008780978528875234,0.02833591364026841,0.010557743474923371,0.0026352664857267737,1.8471924999553458e-05,0.0004662685698105248,-0.00023272855783442755,-0.00026155271195691255
-0.0013604291031792174,-0.0008681301827743699,-0.001944345052928343,-0.001074331163152504,0.0024626748924779364,-0.00190062143877527,0.7267705051414464,0.258433568112234,0.9993649697749538,0.3969838654543833,0.17787485979173498,0.0012640115583900323,0.04548261662682609,0.09935066631273833,0.07142361349292822,0.011351680364366316,0.0018162975671112032,0.02762501930619198,0.011658075823002484,0.0036237951681323786,0.002253253405538189,0.0005353265917726455,-0.0014687351003021757,0.0002682064216225844
-0.0011624976483842727,0.0013797538011523331,-0.00021313326062160333,0.0016081122360283033,-0.00017618730600589785,0.00012073765235568556,0.727265244869003,0.2591897558980481,0.9998457889064736,0.40176498858567833,0.1754071776273066,0.0014316654661655692,0.04582109256579767,0.09812686727796503,0.07108665199810021,0.010695703748157712,0.004336900190780899,0.027602961370651716,0.009896619723271168,0.0013911911950239345,0.00027168423646263827,0.0008731426764194878,-0.0005034103255984097,0.0005744829704764034
-0.0002911150785757132,-0.0001164254320087104,-0.001167665701983886,-0.00016920715217130726,0.0009411030922958826,0.0023470473116404306,0.0004339096373718797,0.07759899750199077,0.16730686315734228,0.21385957287501464,1.0001358746828861,-0.001357727593419401,0.5849591630023396,0.9069974037419258,0.907959795880321,0.7677640036345034,0.12279256581471205,0.3071196028827915,0.30669050030204004,0.0006650151611953008,0.03069651185214755,0.354193721050257,-0.0018675844961541948,0.00039783663572613183
-0.0006360998345082586,-0.00031616434994485463,0.0014143645250002859,-0.001396537593994537,-0.0011329022162060434,4.573678863780141e-05,0.000938533858208355,0.07593598320930857,0.1680459755769656,0.2135117010300699,0.9997991229688257,-0.0010783368488255756,0.5861681869272024,0.9077698746106052,0.9070508086683008,0.7697082168118319,0.12310035557813886,0.30790857510591574,0.3064928406314861,-0.000578009363920068,0.029505968245100198,0.3546174570369535,0.0007759023032834733,-0.0003121864570126143
-0.0003035627293930551,0.001037772449339354,-0.0021594154014467183,0.0001490655806790858,-0.00017656309351863334,0.4129944303671989,0.2921472716667442,0.45379969875939224,1.0005372818882672,0.931780182012807,0.37308121309672404,0.2137149143188355,0.822990372981352,0.7289024630598582,0.26274866221633764,0.17445856215823585,0.17825590791490878,0.1588239903593259,0.10785005199733631,0.14516607173881255,0.0699104298761043,0.06867110836903645,0.1520823022774967,0.03433818540342803
0.0005623647659965237,0.0003735250438278507,0.0002056765492055773,0.0009701285767858312,-0.0011122503680299517,0.4129873585697154,0.29145743649017175,0.45241401113317325,0.9993530503945793,0.9310007912778185,0.37520159196727926,0.2131832722699778,0.8220402198709884,0.7293299052442453,0.2629517780788723,0.17400320787237988,0.1790076559263024,0.15720871396074024,0.10706671882179045,0.14495046329951705,0.0693236445022185,0.06899267228849262,0.15334786011769463,0.03442660956878036
-0.0010469487099939597,-0.0005374510647640315,0.0006827803206049448,-0.0012009270096571872,-0.001288661049957137,0.41126699210597334,0.2931920441233264,0.45337230816264346,0.9994604254241869,0.9301347560788753,0.3740893311434996,0.21265431942559382,0.8220132545719733,0.7286447452016928,0.261880511866764,0.1740346861204753,0.17875073429620814,0.15872490663377653,0.1073359282842131,0.14356347002083503,0.06780840351810542,0.06975476349487922,0.15205773727509247,0.034203131502125034
0.00010518298382947071,-0.00044662275190063304,-0.0022531061214625028,-0.0009792246744695081,-0.00018259015902508566,0.4105755013312807,0.2938543439015348,0.4537998939344121,0.9989009499716762,0.9350299668216224,0.37292672793307463,0.2126210089680078,0.8208189177011647,0.7296106254711783,0.2623658571032321,0.17447663384292594,0.17907661261718996,0.15681377156219517,0.10706727037800409,0.14610451648805234,0.06998352076058896,0.06915266826633241,0.152946472118314,0.03548962502763199
0.0008487608243171353,-0.0014513824511083171,-3.4810136650442346e-05,0.00028821078764016344,0.0013173930176001059,0.0003092446302503028,0.08987040934880802,0.6256641400924418,0.9992884780575269,0.8130666093791393,0.4887954134785951,0.3245426657676212,0.45527695511800303,0.4877826035449338,0.7069978140354007,0.32494779479300345,0.11333020664870681,0.06617866263255709,0.025393594746298702,-0.00034519023387952994,0.01522515991210016,0.0002989884738721063,0.00010715706669017948,-4.5841834380825436e-05
-0.00044569775248988404,0.00010437879953626854,-0.0004104787612580968,0.0009635349179125306,-0.000528986582480922,0.0011782470516101707,-0.0004460761667425203,-0.00025503468000796374,1.0002329758142228,1.9019220475956098e-05,-0.0010888679756057334,-0.0009677566276967898,0.6630129706507004,0.32311958276157526,0.32360396098344707,0.00019690212489460753,-6.614500333656964e-05,-0.000371280521266482,-0.001066002182367057,0.0007578491902085328,3.5759723140826667e-05,0.0019211159753097008,0.32231258550894754,0.00046697399916472955
-0.00036369815814162623,0.0006420587968966875,7.15446133109135e-05,0.0006849869375768505,0.0010001092804185813,-0.0005626163906983588,-0.000733439431615115,0.0016827687237118301,0.9987346807391563,-0.0017558650377806004,0.00034795224464504696,-0.00022305168391225914,0.6607825342941344,0.3217278621943481,0.32312808816039273,-0.0003153585162289107,-0.0008775128995385519,0.00027995766934182714,-0.0016042528185583093,0.00086336484265434,-0.0017991974345679966,-0.0006865272988771441,0.322343951124456,-0.00036469770483079565
0.00011432176917617575,-5.011666892191274e-05,0.0015525131266007073,-0.0008706085115208938,0.0004573924629196696,0.00013543986949784856,-1.5927457899878644e-05,0.000917926617124069,1.0004500140521582,9.865848668580359e-05,-3.052492155126151e-05,-0.000717485825450972,0.6601493642787456,0.3237725130719813,0.32324850021531987,0.0005133804983378558,-0.00015449623990325078,-0.00034380481833511974,0.0007837432547383852,0.001783745220133357,0.0009610537607452029,-0.00048783422368276353,0.3224749006192002,0.0004253830270632435
-0.000680657426592686,0.001312172128633524,-0.00018637534637148498,-0.001708136621817343,3.293341531444893e-05,0.0014802790433979392,0.09745751569726105,0.9696061315221771,0.9139381511267097,0.2663244946163056,0.4081446924413981,0.6610176844605173,0.7157794017554305,1.0005215467159412,0.40910088174431763,0.18224437440649324,0.46393461322070073,0.1528511776407776,0.09485585266836886,0.039673275484333824,0.0015229957030985643,-0.0009279853664735343,-0.0003555456613190181,0.0005010891438253748
-2.4800096896376095e-05,-0.0019003568414942941,0.0003206315650271413,0.00038756342608601413,0.00047201091892388466,0.03994520679549239,0.1796115657749001,0.9995626847332876,0.42879693334590496,0.28132086015153124,0.12686617311598133,0.127018423779611,0.33039936892392446,0.696258263068706,0.3450834180821094,0.2586792475191494,0.22234290119100633,0.211436193642377,0.15399876886915864,0.11836553534173225,0.09844255066070061,0.08189380033899796,0.025627950949961655,0.0012220219495107914
0.045261795611587455,0.13773315543788253,2.0911116876851245e-05,-0.000853101690074417,-0.0006581087159552777,0.3380320811286251,0.6469131521090434,0.9994691471554018,0.6768573123922648,0.33719446284998256,0.3538655650364343,0.13882655879826483,0.07673146760050248,0.18340777828466784,0.3552888213592266,0.012109478826449598,0.09196678486491913,0.10530587838011295,0.09211952802328646,0.10748876589019814,0.16784507278450791,0.09050040216129614,0.19823769851049647,0.18366179750850356
0.0006593169242118333,0.0029223291224782805,0.0005044747047083114,-0.00016211950480035146,0.0005801122882056381,-0.0006553007155537995,0.4910368032937622,0.8179848537724702,0.5117175712987654,0.2889578831220006,0.14772398592615976,0.08397362009688872,0.22648054956434535,0.9997360845780635,0.7362869941660857,0.6135222940127434,0.3888431530685075,0.3082888108711877,0.16803318411406246,0.4301176279706898,0.227544568482295,0.4513825811716331,0.12738926889743454,0.006081618511816062
